figure,measure,series,value,note
fig1,Multiplier grid working time,Berkeley original,1257,1.000
fig1,Multiplier grid working time,"Ours, 2:4",672,1.871
fig1,Multiplier grid working time,"Ours, 4:8",672,1.871
fig1,"Whole job, weights reused (realistic case)",Berkeley original,1622,1.000
fig1,"Whole job, weights reused (realistic case)","Ours, 2:4",1686,0.962
fig1,"Whole job, weights reused (realistic case)","Ours, 4:8",1913,0.848
fig1,"Whole job, fresh weights (stress test)",Berkeley original,1604,1.000
fig1,"Whole job, fresh weights (stress test)","Ours, 2:4",2778,0.577
fig1,"Whole job, fresh weights (stress test)","Ours, 4:8",3827,0.419
fig2,Weights reused (realistic),Berkeley original,1622,"grid working 1257, idle 365, processor-only 1075"
fig2,Weights reused (realistic),"Ours, 2:4",1686,"grid working 672, idle 1014, processor-only 1016"
fig2,Weights reused (realistic),"Ours, 4:8",1913,"grid working 672, idle 1241, processor-only 1171"
fig2,Fresh weights (stress test),Berkeley original,1604,"grid working 1305, idle 299, processor-only 1120"
fig2,Fresh weights (stress test),"Ours, 2:4",2778,"grid working 960, idle 1818, processor-only 1883"
fig2,Fresh weights (stress test),"Ours, 4:8",3827,"grid working 960, idle 2867, processor-only 2486"
fig3,Grid working time,"Ours, 2:4",1.871,
fig3,Grid working time,"Ours, 4:8",1.871,
fig3,"Whole job, weights reused","Ours, 2:4",0.962,
fig3,"Whole job, weights reused","Ours, 4:8",0.848,
fig3,"Whole job, fresh weights","Ours, 2:4",0.577,
fig3,"Whole job, fresh weights","Ours, 4:8",0.419,
fig4,Weights reused (realistic) · Processor issuing instructions,Berkeley original,16.80,cycles per unit of work
fig4,Weights reused (realistic) · Processor issuing instructions,"Ours, 2:4",15.88,cycles per unit of work
fig4,Weights reused (realistic) · Processor issuing instructions,"Ours, 4:8",18.30,cycles per unit of work
fig4,Weights reused (realistic) · Grid working,Berkeley original,19.64,cycles per unit of work
fig4,Weights reused (realistic) · Grid working,"Ours, 2:4",10.50,cycles per unit of work
fig4,Weights reused (realistic) · Grid working,"Ours, 4:8",10.50,cycles per unit of work
fig4,Fresh weights (stress test) · Processor issuing instructions,Berkeley original,17.50,cycles per unit of work
fig4,Fresh weights (stress test) · Processor issuing instructions,"Ours, 2:4",29.42,cycles per unit of work
fig4,Fresh weights (stress test) · Processor issuing instructions,"Ours, 4:8",38.84,cycles per unit of work
fig4,Fresh weights (stress test) · Grid working,Berkeley original,20.39,cycles per unit of work
fig4,Fresh weights (stress test) · Grid working,"Ours, 2:4",15.00,cycles per unit of work
fig4,Fresh weights (stress test) · Grid working,"Ours, 4:8",15.00,cycles per unit of work
fig5,bell curve,Paired 4:8 (NVIDIA),79.2,answer error 45.7%
fig5,bell curve,2:4,86.8,answer error 36.2%
fig5,bell curve,4:8 (ours),89.7,answer error 32.1%
fig5,heavy tail,Paired 4:8 (NVIDIA),86.1,answer error 37.2%
fig5,heavy tail,2:4,92.1,answer error 28.5%
fig5,heavy tail,4:8 (ours),94.4,answer error 24.0%
fig6,32x12 example block,Paired 4:8 (NVIDIA),86.8,share of size kept
fig6,32x12 example block,2:4,91.4,share of size kept
fig6,32x12 example block,4:8 (ours),94.2,share of size kept
fig6,32x12 example block,No pattern (best possible),95.9,share of size kept
