timestamp,config,test,variant,status,total_cycles,array_busy_cycles,tiles
20261006-025209,GemminiNMRocketConfig,nm_sparse_matmul,dense,passed,543,,
20261006-025209,GemminiNMRocketConfig,nm_sparse_matmul,sparse,passed,815,,
20261006-025209,GemminiNMRocketConfig,nm_sparse_perf,dense,passed,2217,1800,64
20261006-025209,GemminiNMRocketConfig,nm_sparse_perf,dense_bias,passed,1994,1725,64
20261006-025209,GemminiNMRocketConfig,nm_sparse_perf,sparse,passed,2977,960,32
20261006-025209,GemminiNMRocketConfig,nm_sparse_perf,sparse_nat,passed,2633,960,32
20261006-025209,GemminiNMRocketConfig,nm_sparse_perf,dense_reuse,passed,3623,1344,64
20261006-025209,GemminiNMRocketConfig,nm_sparse_perf,sparse_reuse,passed,2508,672,32
20261006-025209,GemminiNMRocketConfig,nm_sparse_perf,cpu_dense,passed,1551,0,64
20261006-025209,GemminiNMRocketConfig,nm_sparse_perf,cpu_sparse,passed,1995,0,32
20261006-025209,GemminiNMRocketConfig,nm_sparse_perf,cpu_sparse_nat,passed,2007,0,32
20261006-025209,GemminiNMRocketConfig,nm_sparse_perf,cpu_dense_reuse,passed,2762,0,64
20261006-025209,GemminiNMRocketConfig,nm_sparse_perf,cpu_sparse_reuse,passed,2146,0,32
20261006-030607,GemminiNM48RocketConfig,nm_sparse_matmul,dense,passed,554,,
20261006-030607,GemminiNM48RocketConfig,nm_sparse_matmul,sparse,passed,1031,,
20261006-030607,GemminiNM48RocketConfig,nm_sparse_perf,dense,passed,2248,1800,64
20261006-030607,GemminiNM48RocketConfig,nm_sparse_perf,dense_bias,passed,1990,1710,64
20261006-030607,GemminiNM48RocketConfig,nm_sparse_perf,sparse,passed,3513,960,32
20261006-030607,GemminiNM48RocketConfig,nm_sparse_perf,sparse_nat,passed,3470,960,32
20261006-030607,GemminiNM48RocketConfig,nm_sparse_perf,dense_reuse,passed,3761,1344,64
20261006-030607,GemminiNM48RocketConfig,nm_sparse_perf,sparse_reuse,passed,2771,672,32
20261006-030607,GemminiNM48RocketConfig,nm_sparse_perf,cpu_dense,passed,1568,0,64
20261006-030607,GemminiNM48RocketConfig,nm_sparse_perf,cpu_sparse,passed,2685,0,32
20261006-030607,GemminiNM48RocketConfig,nm_sparse_perf,cpu_sparse_nat,passed,2315,0,32
20261006-030607,GemminiNM48RocketConfig,nm_sparse_perf,cpu_dense_reuse,passed,2773,0,64
20261006-030607,GemminiNM48RocketConfig,nm_sparse_perf,cpu_sparse_reuse,passed,2345,0,32
