pattern,timestamp,variant,total,cpu_issue_done,tiles,cyc_per_tile,ex_active,rs_full,ctrl_q_block,overlap_haz,spad_a_wait,spad_b_wait,spad_d_wait,main_ex,test,check,matches,of
2:4,20261006-025209,dense,2217,2150,64,34,1800,2236,0,0,93,0,103,2068,nm_sparse_perf,,,
2:4,20261006-025209,dense_bias,1994,1936,64,31,1725,1971,0,0,207,100,184,1946,nm_sparse_perf,,,
2:4,20261006-025209,sparse,2977,2904,32,93,960,3021,0,0,1984,1969,1986,2720,nm_sparse_perf,,,
2:4,20261006-025209,sparse_nat,2633,2557,32,82,960,2689,0,0,1640,1625,1642,2399,nm_sparse_perf,,,
2:4,20261006-025209,dense_reuse,3623,3571,64,56,1344,3599,0,0,2194,440,1846,2453,nm_sparse_perf,,,
2:4,20261006-025209,sparse_reuse,2508,2453,32,78,672,2550,0,0,1825,1525,902,1932,nm_sparse_perf,,,
2:4,20261006-025209,cpu_dense,1551,1549,64,24,0,1657,0,0,1612,1597,1582,0,nm_sparse_perf,,,
2:4,20261006-025209,cpu_sparse,1995,1993,32,62,0,2103,0,0,2058,2043,2028,0,nm_sparse_perf,,,
2:4,20261006-025209,cpu_sparse_nat,2007,2005,32,62,0,2115,0,0,2070,2055,2040,0,nm_sparse_perf,,,
2:4,20261006-025209,cpu_dense_reuse,2762,2760,64,43,0,2868,0,0,2823,2808,2793,0,nm_sparse_perf,,,
2:4,20261006-025209,cpu_sparse_reuse,2146,2144,32,67,0,2253,0,0,2208,2193,2178,0,nm_sparse_perf,,,
4:8,20261006-030607,dense,2248,2181,64,35,1800,2222,0,0,82,280,355,2053,nm_sparse_perf,,,
4:8,20261006-030607,dense_bias,1990,1932,64,31,1710,1964,0,0,215,108,193,1939,nm_sparse_perf,,,
4:8,20261006-030607,sparse,3513,3486,32,109,960,3557,0,0,2520,2505,2522,3176,nm_sparse_perf,,,
4:8,20261006-030607,sparse_nat,3470,3397,32,108,960,3514,0,0,2477,2462,2479,2528,nm_sparse_perf,,,
4:8,20261006-030607,dense_reuse,3761,3709,64,58,1344,3737,0,0,2332,548,2020,2434,nm_sparse_perf,,,
4:8,20261006-030607,sparse_reuse,2771,2716,32,86,672,2813,0,0,2088,1770,914,2182,nm_sparse_perf,,,
4:8,20261006-030607,cpu_dense,1568,1566,64,24,0,1674,0,0,1629,1614,1599,0,nm_sparse_perf,,,
4:8,20261006-030607,cpu_sparse,2685,2683,32,83,0,2793,0,0,2748,2733,2718,0,nm_sparse_perf,,,
4:8,20261006-030607,cpu_sparse_nat,2315,2313,32,72,0,2423,0,0,2378,2363,2348,0,nm_sparse_perf,,,
4:8,20261006-030607,cpu_dense_reuse,2773,2771,64,43,0,2879,0,0,2834,2819,2804,0,nm_sparse_perf,,,
4:8,20261006-030607,cpu_sparse_reuse,2345,2343,32,73,0,2452,0,0,2407,2392,2377,0,nm_sparse_perf,,,
2:4,20261006-025209,dense,543,,16,,,,,,,,,,nm_sparse_matmul,,,
2:4,20261006-025209,sparse,815,,8,,,,,,,,,,nm_sparse_matmul,,,
4:8,20261006-030607,dense,554,,16,,,,,,,,,,nm_sparse_matmul,,,
4:8,20261006-030607,sparse,1031,,8,,,,,,,,,,nm_sparse_matmul,,,
2:4,20261006-025209,,,,,,,,,,,,,,nm_sparse_debug,correct sparse,256,256
2:4,20261006-025209,,,,,,,,,,,,,,nm_sparse_debug,index ignored (all 0),0,256
2:4,20261006-025209,,,,,,,,,,,,,,nm_sparse_debug,index rows flipped,0,256
2:4,20261006-025209,,,,,,,,,,,,,,nm_sparse_debug,index transposed,1,256
2:4,20261006-025209,,,,,,,,,,,,,,nm_sparse_debug,"dense, no a_hi",3,256
2:4,20261006-025209,,,,,,,,,,,,,,nm_sparse_debug,dense + a_hi as bias,0,256
4:8,20261006-030607,,,,,,,,,,,,,,nm_sparse_debug,correct sparse,256,256
4:8,20261006-030607,,,,,,,,,,,,,,nm_sparse_debug,index ignored (all 0),0,256
4:8,20261006-030607,,,,,,,,,,,,,,nm_sparse_debug,index rows flipped,0,256
4:8,20261006-030607,,,,,,,,,,,,,,nm_sparse_debug,index transposed,0,256
4:8,20261006-030607,,,,,,,,,,,,,,nm_sparse_debug,"dense, no a_hi",0,256
4:8,20261006-030607,,,,,,,,,,,,,,nm_sparse_debug,dense + a_hi as bias,0,256
